status	cs_loc	cs_sha256_16	cs_path	rs_path	crate
todo	100	49484fd603227a45	Core/GameX/App/ExportManager.cs	core/gamex/src/app/export_manager.rs	gamex
done	39	de2a9d0984627dda	Core/GameX/App/ImportManager.cs	core/gamex/src/app/import_manager.rs	gamex
done	3	602e88da45b94d34	Core/GameX/App/ManifestManager.cs	core/gamex/src/app/manifest_manager.rs	gamex
done	4	c09fddebd470ad26	Core/GameX/Assembly.cs	core/gamex/src/assembly.rs	gamex
done	4986	733f96e831880639	Core/GameX/BlizzardProtoDatabase.cs	core/gamex/src/blizzard_proto_database.rs	gamex
done	8	01fcca58fa8ea167	Core/GameX/Client.cs	core/gamex/src/client.rs	gamex
done	152	899d278ef9371987	Core/GameX/DesSer.cs	core/gamex/src/des_ser.rs	gamex
done	622	02de2c7e1ac613ad	Core/GameX/Family.cs	core/gamex/src/family.rs	gamex
done	166	d536d2fcd7b2d724	Core/GameX/Formats/IUnknown.cs	core/gamex/src/formats/i_unknown.rs	gamex
done	180	a916652e080e48c8	Core/GameX/Formats/Stream.cs	core/gamex/src/formats/stream.rs	gamex
done	70	307f2118fdbdfacb	Core/GameX/Globalx.cs	core/gamex/src/globalx.rs	gamex
done	0	f1945cd6c19e56b3	Core/GameX/Manager.cs	core/gamex/src/manager.rs	gamex
done	183	6f4c4365263f54a7	Core/GameX/Meta.cs	core/gamex/src/meta.rs	gamex
done	400	a7c3d2b1bb53eddb	Core/GameX/Store.cs	core/gamex/src/store.rs	gamex
done	9	e6a95fbe28938834	Core/GameX/Transforms/UnknownTransform.cs	core/gamex/src/transforms/unknown_transform.rs	gamex
done	173	8f7ab9954542a057	Core/GameX/Util.cs	core/gamex/src/util.rs	gamex
done	295	be305f29e6d389d2	Core/GameX/_Config.cs	core/gamex/src/config.rs	gamex
done	364	4f53d8c43cff889d	Core/GameX/_LIB/Collada/Collada.cs	core/gamex/src/vendor/collada/collada.rs	gamex
done	206	7af2a6ee064461b0	Core/GameX/_LIB/Collada/Collada_B_Rep.cs	core/gamex/src/vendor/collada/collada_b_rep.rs	gamex
done	686	5e81dc547ad94b50	Core/GameX/_LIB/Collada/Collada_Core.cs	core/gamex/src/vendor/collada/collada_core.rs	gamex
done	684	5c3df852a1a4d390	Core/GameX/_LIB/Collada/Collada_FX.cs	core/gamex/src/vendor/collada/collada_fx.rs	gamex
done	301	8ab57542b40ea9a6	Core/GameX/_LIB/Collada/Collada_Kinematics.cs	core/gamex/src/vendor/collada/collada_kinematics.rs	gamex
done	292	13899227650685e7	Core/GameX/_LIB/Collada/Collada_Physics.cs	core/gamex/src/vendor/collada/collada_physics.rs	gamex
done	261	e3b1caaba88a400a	Core/GameX/_LIB/Compression/Blast.cs	core/gamex/src/vendor/compression/blast.rs	gamex
done	193	6654f81e073a264d	Core/GameX/_LIB/Compression/Doboz/Dictionary.cs	core/gamex/src/vendor/compression/doboz/dictionary.rs	gamex
done	389	239658401d2b6475	Core/GameX/_LIB/Compression/Doboz/DobozCodec.cs	core/gamex/src/vendor/compression/doboz/doboz_codec.rs	gamex
done	496	30dd144464819b79	Core/GameX/_LIB/Compression/Doboz/DobozDecoder.cs	core/gamex/src/vendor/compression/doboz/doboz_decoder.rs	gamex
done	44	f38992515530f62c	Core/GameX/_LIB/Compression/Lzf.cs	core/gamex/src/vendor/compression/lzf.rs	gamex
done	91	2d49176135e0454e	Core/GameX/_LIB/Compression/Lzo.cs	core/gamex/src/vendor/compression/lzo.rs	gamex
done	84	27b86660194294e8	Core/GameX/_LIB/Compression/Lzss.cs	core/gamex/src/vendor/compression/lzss.rs	gamex
done	53	d2d2332aab4d9322	Core/GameX/_LIB/Compression/OodleLZ.cs	core/gamex/src/vendor/compression/oodle_lz.rs	gamex
done	168	e78b3e1000ac0577	Core/GameX/_LIB/Compression/Salsa20.cs	core/gamex/src/vendor/compression/salsa20.rs	gamex
done	77	29a67366328fbe1f	Core/GameX/_LIB/Compression/XCompress.cs	core/gamex/src/vendor/compression/x_compress.rs	gamex
todo	27	7df1dab72103b9f1	Applications/GameX.App.Cli/Program+Get.cs	applications/app-cli/src/program_get.rs	gamex-app-cli
todo	51	d0168d2099f577c8	Applications/GameX.App.Cli/Program+List.cs	applications/app-cli/src/program_list.rs	gamex-app-cli
todo	27	fa7429d01b226064	Applications/GameX.App.Cli/Program+Set.cs	applications/app-cli/src/program_set.rs	gamex-app-cli
todo	14	e296078d4f9af0dd	Applications/GameX.App.Cli/Program+Test.cs	applications/app-cli/src/program_test.rs	gamex-app-cli
todo	55	2d5c5a09cfb32b0d	Applications/GameX.App.Cli/Program.cs	applications/app-cli/src/program.rs	gamex-app-cli
todo	36	0e372ac67c576262	Applications/GameX.App.Client/Program.cs	applications/app-client/src/program.rs	gamex-app-client
todo	47	af0572bcf79df9ff	Applications/GameX.App.Explorer/App.xaml.cs	applications/app-explorer/src/app_xaml.rs	gamex-app-explorer
todo	36	c33c24d6f4c85012	Applications/GameX.App.Explorer/AppShell.xaml.cs	applications/app-explorer/src/app_shell_xaml.rs	gamex-app-explorer
todo	36	4579ec0e9b203eba	Applications/GameX.App.Explorer/Controls/AppGfxControl.cs	applications/app-explorer/src/controls/app_gfx_control.rs	gamex-app-explorer
todo	40	ba917bf90dd15e91	Applications/GameX.App.Explorer/Resources/ResourceManager.cs	applications/app-explorer/src/resources/resource_manager.rs	gamex-app-explorer
todo	6	e17aa594515fc581	Applications/GameX.App.Explorer/Views/AboutPage.xaml.cs	applications/app-explorer/src/views/about_page_xaml.rs	gamex-app-explorer
todo	59	0ff23c031b49053d	Applications/GameX.App.Explorer/Views/AudioPlayer.xaml.cs	applications/app-explorer/src/views/audio_player_xaml.rs	gamex-app-explorer
todo	22	387688aeac877e55	Applications/GameX.App.Explorer/Views/Custom.xaml.cs	applications/app-explorer/src/views/custom_xaml.rs	gamex-app-explorer
todo	42	6af686b6d33190e5	Applications/GameX.App.Explorer/Views/FileContent.xaml.cs	applications/app-explorer/src/views/file_content_xaml.rs	gamex-app-explorer
todo	98	4b16efb90ff876b1	Applications/GameX.App.Explorer/Views/FileExplorer.xaml.cs	applications/app-explorer/src/views/file_explorer_xaml.rs	gamex-app-explorer
todo	107	b5d45742baaa4a25	Applications/GameX.App.Explorer/Views/MainPage.xaml.cs	applications/app-explorer/src/views/main_page_xaml.rs	gamex-app-explorer
todo	119	72620c5e72bab169	Applications/GameX.App.Explorer/Views/OpenPage.xaml.cs	applications/app-explorer/src/views/open_page_xaml.rs	gamex-app-explorer
todo	5	d2e2168c5ee5658b	Applications/GameX.App.Explorer/Views/OptionsPage.xaml.cs	applications/app-explorer/src/views/options_page_xaml.rs	gamex-app-explorer
todo	10	d9099898c58f17fd	Applications/GameX.App.Explorer/Views/ViewExtensions.cs	applications/app-explorer/src/views/view_extensions.rs	gamex-app-explorer
todo	48	866f5a89aa4107c9	Families/GameX.Arkane/Arkane.cs	families/arkane/src/arkane.rs	gamex-arkane
todo	283	ddfe8bbcffb7d539	Families/GameX.Arkane/Formats/Danae/EerieTypes.cs	families/arkane/src/formats/danae/eerie_types.rs	gamex-arkane
todo	28	403c140a86235ec6	Families/GameX.Beamdog/Beamdog.cs	families/beamdog/src/beamdog.rs	gamex-beamdog
todo	54	1450fb7ae631b989	Families/GameX.Bethesda/Bethesda.cs	families/bethesda/src/bethesda.rs	gamex-bethesda
todo	32	4a788d7275d06391	Families/GameX.Bethesda/Builders/MapImageBuilder.cs	families/bethesda/src/builders/map_image_builder.rs	gamex-bethesda
todo	3	aaa4f106a60b5990	Families/GameX.Bethesda/Clients/Morrowind/Client.cs	families/bethesda/src/clients/morrowind/client.rs	gamex-bethesda
done	7116	bdd7cd1643b0ef97	Families/GameX.Bethesda/Formats/Records.cs	families/bethesda/src/formats/records.rs	gamex-bethesda
todo	5	61fc3ac344602671	Families/GameX.Bethesda/Games/Database.cs	families/bethesda/src/games/database.rs	gamex-bethesda
todo	3	ce409ef7cb08b1cf	Families/GameX.Bethesda/Games/DatabaseCell.cs	families/bethesda/src/games/database_cell.rs	gamex-bethesda
todo	15	f0aa4b88287f55b0	Families/GameX.Bethesda/Games/DatabaseManager.cs	families/bethesda/src/games/database_manager.rs	gamex-bethesda
todo	2	adc6fc307f767a32	Families/GameX.Bethesda/Managers.cs	families/bethesda/src/managers.rs	gamex-bethesda
todo	0	8ad72e54ae7fd44e	Families/GameX.Bethesda.Platform/Formats/ConvertUtils.cs	families/bethesda-platform/src/formats/convert_utils.rs	gamex-bethesda-platform
todo	0	b26fd97811be9250	Families/GameX.Bethesda.Platform/Formats/Unity/GameObjectUtils.cs	families/bethesda-platform/src/formats/unity/game_object_utils.rs	gamex-bethesda-platform
todo	0	d82d2122676598a2	Families/GameX.Bethesda.Platform/Formats/Unity/NifObjectBuilder.cs	families/bethesda-platform/src/formats/unity/nif_object_builder.rs	gamex-bethesda-platform
todo	0	8c038ec00c6ddb82	Families/GameX.Bethesda.Platform/Platforms/Stride/StrideObjectBuilder.cs	families/bethesda-platform/src/platforms/stride/stride_object_builder.rs	gamex-bethesda-platform
todo	0	00b1c04ae5b31b3e	Families/GameX.Bethesda.Platform/Platforms/Unity/UnityObjectBuilder.cs	families/bethesda-platform/src/platforms/unity/unity_object_builder.rs	gamex-bethesda-platform
todo	36	97d80253b9dba2a1	Families/GameX.Bioware/Bioware.cs	families/bioware/src/bioware.rs	gamex-bioware
todo	27	406137879a6d7e97	Families/GameX.Black/Black.cs	families/black/src/black.rs	gamex-black
todo	45	80754d4b11743017	Families/GameX.Blizzard/Blizzard.cs	families/blizzard/src/blizzard.rs	gamex-blizzard
todo	56	89608adb23accd36	Families/GameX.Blizzard/Formats/Casc/CascContext.cs	families/blizzard/src/formats/casc/casc_context.rs	gamex-blizzard
todo	336	e599c0720c172fff	Families/GameX.Blizzard/Formats/Casc/DB2Reader.cs	families/blizzard/src/formats/casc/db2_reader.rs	gamex-blizzard
todo	118	09dd6d08d23157fa	Families/GameX.Blizzard/Formats/Casc/WDB2Reader.cs	families/blizzard/src/formats/casc/wdb2_reader.rs	gamex-blizzard
todo	178	e95b227e1ce93466	Families/GameX.Blizzard/Formats/Casc/WDB3Reader.cs	families/blizzard/src/formats/casc/wdb3_reader.rs	gamex-blizzard
todo	185	a3ef616005db10c9	Families/GameX.Blizzard/Formats/Casc/WDB5Reader.cs	families/blizzard/src/formats/casc/wdb5_reader.rs	gamex-blizzard
todo	252	0d34a964b8804058	Families/GameX.Blizzard/Formats/Casc/WDB6Reader.cs	families/blizzard/src/formats/casc/wdb6_reader.rs	gamex-blizzard
todo	104	dcd1554bec9ea950	Families/GameX.Blizzard/Formats/Casc/WDBCReader.cs	families/blizzard/src/formats/casc/wdbc_reader.rs	gamex-blizzard
todo	198	86ed362ecad4074c	Families/GameX.Blizzard/Formats/Casc/WDC1Reader.cs	families/blizzard/src/formats/casc/wdc1_reader.rs	gamex-blizzard
todo	202	db8fc937c2ecfcdc	Families/GameX.Blizzard/Formats/Casc/WDC2Reader.cs	families/blizzard/src/formats/casc/wdc2_reader.rs	gamex-blizzard
todo	195	9880ed2a187d26eb	Families/GameX.Blizzard/Formats/Casc/WDC2ReaderGeneric.cs	families/blizzard/src/formats/casc/wdc2_reader_generic.rs	gamex-blizzard
todo	248	4c8788e2d7a7f484	Families/GameX.Blizzard/Formats/Casc/WDC3Reader.cs	families/blizzard/src/formats/casc/wdc3_reader.rs	gamex-blizzard
todo	175	b483d35caa68bdd8	Families/GameX.Blizzard/Formats/Casc/WDC3ReaderGeneric.cs	families/blizzard/src/formats/casc/wdc3_reader_generic.rs	gamex-blizzard
todo	28	970a6e3eacec2097	Families/GameX.Bohemia/Bohemia.cs	families/bohemia/src/bohemia.rs	gamex-bohemia
todo	58	7efeca652e1b5e37	Families/GameX.Bullfrog/Bullfrog.cs	families/bullfrog/src/bullfrog.rs	gamex-bullfrog
todo	163	f3cd6927e72214b8	Families/GameX.Bullfrog/Formats/Utils.cs	families/bullfrog/src/formats/utils.rs	gamex-bullfrog
todo	13	9b8c1f0f9af732c7	Families/GameX.Bullfrog/Games/DK/Database.cs	families/bullfrog/src/games/dk/database.rs	gamex-bullfrog
todo	13	c15a5e27e9caeb89	Families/GameX.Bullfrog/Games/DK2/Database.cs	families/bullfrog/src/games/dk2/database.rs	gamex-bullfrog
todo	13	9b57f97f92dae7cf	Families/GameX.Bullfrog/Games/P2/Database.cs	families/bullfrog/src/games/p2/database.rs	gamex-bullfrog
todo	13	eaf6a97b928df092	Families/GameX.Bullfrog/Games/S/Database.cs	families/bullfrog/src/games/s/database.rs	gamex-bullfrog
todo	41	7117567f195c43b1	Families/GameX.Capcom/Capcom.cs	families/capcom/src/capcom.rs	gamex-capcom
todo	50	cc3f27036da47d0e	Families/GameX.Cig/Apps/DataForge/Database.cs	families/cig/src/apps/data_forge/database.rs	gamex-cig
todo	12	f1d2c5646e34ad4b	Families/GameX.Cig/Apps/DataForgeApp.cs	families/cig/src/apps/data_forge_app.rs	gamex-cig
todo	74	18c1a89d894655e1	Families/GameX.Cig/Apps/StarWords/Database.cs	families/cig/src/apps/star_words/database.rs	gamex-cig
todo	12	4be960fd169c9203	Families/GameX.Cig/Apps/StarWordsApp.cs	families/cig/src/apps/star_words_app.rs	gamex-cig
todo	3	4f589a2ba6e06652	Families/GameX.Cig/Apps/Subsumption/Database.cs	families/cig/src/apps/subsumption/database.rs	gamex-cig
todo	7	d44422de68e09697	Families/GameX.Cig/Apps/SubsumptionApp.cs	families/cig/src/apps/subsumption_app.rs	gamex-cig
todo	28	e48ffd46546d94b4	Families/GameX.Cig/Cig.cs	families/cig/src/cig.rs	gamex-cig
todo	7	3c99c4f9f60c70fd	Families/GameX.Cig/Transforms/UnknownTransform.cs	families/cig/src/transforms/unknown_transform.rs	gamex-cig
todo	13	03b022a3a424a19c	Families/GameX.Cig.Explorer/Apps/DataForge/App.xaml.cs	families/cig-explorer/src/apps/data_forge/app_xaml.rs	gamex-cig-explorer
todo	21	de9abc21a268745b	Families/GameX.Cig.Explorer/Apps/DataForge/NoteControl.xaml.cs	families/cig-explorer/src/apps/data_forge/note_control_xaml.rs	gamex-cig-explorer
todo	31	1ed4cb292fc9f2c5	Families/GameX.Cig.Explorer/Apps/DataForge/Views/MainPage.xaml.cs	families/cig-explorer/src/apps/data_forge/views/main_page_xaml.rs	gamex-cig-explorer
todo	44	46d80511278f9616	Families/GameX.Cig.Explorer/Apps/DataForge/Views/Navigator.xaml.cs	families/cig-explorer/src/apps/data_forge/views/navigator_xaml.rs	gamex-cig-explorer
todo	12	0a2c8f2959b73885	Families/GameX.Cig.Explorer/Apps/StarWords/App.xaml.cs	families/cig-explorer/src/apps/star_words/app_xaml.rs	gamex-cig-explorer
todo	24	4b8d85eb113b6e8d	Families/GameX.Cig.Explorer/Apps/StarWords/Views/DashboardView.xaml.cs	families/cig-explorer/src/apps/star_words/views/dashboard_view_xaml.rs	gamex-cig-explorer
todo	31	a074b5abdd7c06b9	Families/GameX.Cig.Explorer/Apps/StarWords/Views/DocumentView.xaml.cs	families/cig-explorer/src/apps/star_words/views/document_view_xaml.rs	gamex-cig-explorer
todo	45	6d6b1723f07f186d	Families/GameX.Cig.Explorer/Apps/StarWords/Views/MainPage.xaml.cs	families/cig-explorer/src/apps/star_words/views/main_page_xaml.rs	gamex-cig-explorer
todo	49	0b2b5c1bf4ca6f85	Families/GameX.Cig.Explorer/Apps/StarWords/Views/Navigator.xaml.cs	families/cig-explorer/src/apps/star_words/views/navigator_xaml.rs	gamex-cig-explorer
todo	12	743da870e9a9f03d	Families/GameX.Cig.Explorer/Apps/Subsumption/App.xaml.cs	families/cig-explorer/src/apps/subsumption/app_xaml.rs	gamex-cig-explorer
todo	25	5ff6bc75a20e3c0c	Families/GameX.Cig.Explorer/Apps/Subsumption/Views/ActivitesPage.xaml.cs	families/cig-explorer/src/apps/subsumption/views/activites_page_xaml.rs	gamex-cig-explorer
todo	25	96d1498126873ec3	Families/GameX.Cig.Explorer/Apps/Subsumption/Views/CommercialProductsPage.xaml.cs	families/cig-explorer/src/apps/subsumption/views/commercial_products_page_xaml.rs	gamex-cig-explorer
todo	25	eb3a1de78b8e93b9	Families/GameX.Cig.Explorer/Apps/Subsumption/Views/EventsPage.xaml.cs	families/cig-explorer/src/apps/subsumption/views/events_page_xaml.rs	gamex-cig-explorer
todo	25	1f453a07add454bf	Families/GameX.Cig.Explorer/Apps/Subsumption/Views/GlobalVariablesPage.xaml.cs	families/cig-explorer/src/apps/subsumption/views/global_variables_page_xaml.rs	gamex-cig-explorer
todo	25	ee70aeb7759d8de3	Families/GameX.Cig.Explorer/Apps/Subsumption/Views/JurisdictionsPage.xaml.cs	families/cig-explorer/src/apps/subsumption/views/jurisdictions_page_xaml.rs	gamex-cig-explorer
todo	29	16261570dc46379e	Families/GameX.Cig.Explorer/Apps/Subsumption/Views/MainPage.xaml.cs	families/cig-explorer/src/apps/subsumption/views/main_page_xaml.rs	gamex-cig-explorer
todo	46	1e372be78e64fd67	Families/GameX.Cig.Explorer/Apps/Subsumption/Views/Missions/Navigator.xaml.cs	families/cig-explorer/src/apps/subsumption/views/missions/navigator_xaml.rs	gamex-cig-explorer
todo	25	2e6db2df368b4ce7	Families/GameX.Cig.Explorer/Apps/Subsumption/Views/MissionsPage.xaml.cs	families/cig-explorer/src/apps/subsumption/views/missions_page_xaml.rs	gamex-cig-explorer
todo	25	c3d28d15561ceab2	Families/GameX.Cig.Explorer/Apps/Subsumption/Views/PersistantEntitesPage.xaml.cs	families/cig-explorer/src/apps/subsumption/views/persistant_entites_page_xaml.rs	gamex-cig-explorer
todo	25	94e5e8971c7d155f	Families/GameX.Cig.Explorer/Apps/Subsumption/Views/PlatformsPage.xaml.cs	families/cig-explorer/src/apps/subsumption/views/platforms_page_xaml.rs	gamex-cig-explorer
todo	25	aeda83234d79edc1	Families/GameX.Cig.Explorer/Apps/Subsumption/Views/SetupPage.xaml.cs	families/cig-explorer/src/apps/subsumption/views/setup_page_xaml.rs	gamex-cig-explorer
todo	25	d1c17950620ba24c	Families/GameX.Cig.Explorer/Apps/Subsumption/Views/StarSystemsPage.xaml.cs	families/cig-explorer/src/apps/subsumption/views/star_systems_page_xaml.rs	gamex-cig-explorer
todo	25	cf1e9a3d4745a90f	Families/GameX.Cig.Explorer/Apps/Subsumption/Views/TaskArchetypesPage.xaml.cs	families/cig-explorer/src/apps/subsumption/views/task_archetypes_page_xaml.rs	gamex-cig-explorer
todo	25	99d8e15c15f9daff	Families/GameX.Cig.Explorer/Apps/Subsumption/Views/VariableTypesPage.xaml.cs	families/cig-explorer/src/apps/subsumption/views/variable_types_page_xaml.rs	gamex-cig-explorer
todo	42	0cbe6d347c3d6020	Families/GameX.Cig.Explorer/ResourceManagerProvider.cs	families/cig-explorer/src/resource_manager_provider.rs	gamex-cig-explorer
todo	31	712494b4aa548ef6	Families/GameX.Cryptic/Cryptic.cs	families/cryptic/src/cryptic.rs	gamex-cryptic
todo	45	abde3611233d078b	Families/GameX.Crytek/Crytek.cs	families/crytek/src/crytek.rs	gamex-crytek
todo	2306	98476f7e63154ec6	Families/GameX.Crytek/Formats/Core/Chunks.cs	families/crytek/src/formats/core/chunks.rs	gamex-crytek
todo	6	abe3e2cdca1d962e	Families/GameX.Crytek/Formats/Core/IBinaryChunk.cs	families/crytek/src/formats/core/i_binary_chunk.rs	gamex-crytek
todo	153	420ce4e9178cf0b3	Families/GameX.Crytek/Formats/Core/Material.cs	families/crytek/src/formats/core/material.rs	gamex-crytek
todo	137	c3e74b3547047b88	Families/GameX.Crytek/Formats/Core/Model.cs	families/crytek/src/formats/core/model.rs	gamex-crytek
todo	88	86722ce1b75c6a49	Families/GameX.Crytek/Formats/Core/Models/CompiledBone.cs	families/crytek/src/formats/core/models/compiled_bone.rs	gamex-crytek
todo	74	f87aa870fba8dadb	Families/GameX.Crytek/Formats/Core/Models/Material.cs	families/crytek/src/formats/core/models/material.rs	gamex-crytek
todo	13	fa318d8c9c9f5c2e	Families/GameX.Crytek/Formats/Core/Models/MaterialLibrary.cs	families/crytek/src/formats/core/models/material_library.rs	gamex-crytek
todo	19	55d1ad4efe069ef1	Families/GameX.Crytek/Formats/Core/Models/PhysicsData.cs	families/crytek/src/formats/core/models/physics_data.rs	gamex-crytek
todo	4073	98917bb14664184a	Families/GameX.Crytek/Formats/Core/Models/Prefab.cs	families/crytek/src/formats/core/models/prefab.rs	gamex-crytek
todo	25	e00a930f34686789	Families/GameX.Crytek/Formats/Core/SkinningInfo.cs	families/crytek/src/formats/core/skinning_info.rs	gamex-crytek
todo	54	ed50afe13121b875	Families/GameX.Crytek/Formats/Core/Unknown.cs	families/crytek/src/formats/core/unknown.rs	gamex-crytek
todo	2192	7d954674f2448458	Families/GameX.Crytek/Formats/Dunia/Classes.cs	families/crytek/src/formats/dunia/classes.rs	gamex-crytek
todo	0	2976d68a4fa78b8c	Families/GameX.Crytek/Formats/Unknown/UnknownFileModel.cs	families/crytek/src/formats/unknown/unknown_file_model.rs	gamex-crytek
todo	0	e8a8697b67ef141e	Families/GameX.Crytek/Formats/Unknown/UnknownFileObject.cs	families/crytek/src/formats/unknown/unknown_file_object.rs	gamex-crytek
todo	0	7916f37c402fc3e1	Families/GameX.Crytek/Formats/Unused/BONETOWORLD.cs	families/crytek/src/formats/unused/bonetoworld.rs	gamex-crytek
todo	0	bd79802e5ad0ed2b	Families/GameX.Crytek/Formats/Unused/WORLDTOBONE.cs	families/crytek/src/formats/unused/worldtobone.rs	gamex-crytek
todo	68	13537abdf48b1279	Families/GameX.Crytek/Polyfills/MathNet.Numerics/NumericsExtensions.cs	families/crytek/src/polyfills/math_net_numerics/numerics_extensions.rs	gamex-crytek
todo	8	505896b958fa98b5	Families/GameX.Crytek/Transforms/UnknownTransform.cs	families/crytek/src/transforms/unknown_transform.rs	gamex-crytek
todo	24	0478b9e5f4f45d12	Families/GameX.Cyanide/Cyanide.cs	families/cyanide/src/cyanide.rs	gamex-cyanide
todo	23	57503dcba65a42bd	Families/GameX.EA/EA.cs	families/ea/src/ea.rs	gamex-ea
todo	23	d6a6da390e1e0e09	Families/GameX.Epic/Epic.cs	families/epic/src/epic.rs	gamex-epic
todo	62	440b9067a17d60c6	Families/GameX.Epic/Formats/Core/ReaderExtensions.cs	families/epic/src/formats/core/reader_extensions.rs	gamex-epic
todo	659	dd484818b283361f	Families/GameX.Epic/Formats/Core/UCore.cs	families/epic/src/formats/core/u_core.rs	gamex-epic
todo	76	907c8a0021a7b232	Families/GameX.Epic/Formats/Core/UDecrypt.cs	families/epic/src/formats/core/u_decrypt.rs	gamex-epic
todo	9	e6da58cc3d4a2f98	Families/GameX.Epic/Formats/Core/UObject.cs	families/epic/src/formats/core/u_object.rs	gamex-epic
todo	293	8f3495ff97db439e	Families/GameX.Epic/Formats/Core/UPackage+.cs	families/epic/src/formats/core/u_package_plus.rs	gamex-epic
todo	430	20f60e80854f90b8	Families/GameX.Epic/Formats/Core/UPackage+r.cs	families/epic/src/formats/core/u_package_r.rs	gamex-epic
todo	184	3b2979678d3e292c	Families/GameX.Epic/Formats/Core/UPackage.cs	families/epic/src/formats/core/u_package.rs	gamex-epic
todo	198	304766caf671a9de	Families/GameX.Epic/Formats/Core/UPackage2.cs	families/epic/src/formats/core/u_package2.rs	gamex-epic
todo	285	212e847a85e1ceb0	Families/GameX.Epic/Formats/Core/UPackage3.cs	families/epic/src/formats/core/u_package3.rs	gamex-epic
todo	14	b96acb163977d08d	Families/GameX.Epic/Formats/Core/UPackage4.cs	families/epic/src/formats/core/u_package4.rs	gamex-epic
todo	119	610e98fe305c539e	Core/GameX.FileSystems/Casc/ArmadilloCrypt.cs	core/filesystems/src/casc/armadillo_crypt.rs	gamex-filesystems
done	282	5a8b01d6aa3ef47a	Core/GameX.FileSystems/Casc/BLTEStream.cs	core/filesystems/src/casc/blte_stream.rs	gamex-filesystems
done	41	26c7cb5602d947b8	Core/GameX.FileSystems/Casc/BackgroundWorkerEx.cs	core/filesystems/src/casc/background_worker_ex.rs	gamex-filesystems
todo	328	de4cdaa0b3d7cd4b	Core/GameX.FileSystems/Casc/CascConfig.cs	core/filesystems/src/casc/casc_config.rs	gamex-filesystems
todo	135	6de107a14bac5d16	Core/GameX.FileSystems/Casc/CascEntry.cs	core/filesystems/src/casc/casc_entry.rs	gamex-filesystems
todo	114	efdcd21b1bf8af41	Core/GameX.FileSystems/Casc/CascGame.cs	core/filesystems/src/casc/casc_game.rs	gamex-filesystems
todo	266	bdb2ef4d4d93cfe2	Core/GameX.FileSystems/Casc/CascHandler.cs	core/filesystems/src/casc/casc_handler.rs	gamex-filesystems
todo	220	ced3146cf89d543b	Core/GameX.FileSystems/Casc/CascHandlerBase.cs	core/filesystems/src/casc/casc_handler_base.rs	gamex-filesystems
todo	104	0e160738754cd198	Core/GameX.FileSystems/Casc/CascHandlerLite.cs	core/filesystems/src/casc/casc_handler_lite.rs	gamex-filesystems
todo	217	2268a7874290562f	Core/GameX.FileSystems/Casc/CdnCache.cs	core/filesystems/src/casc/cdn_cache.rs	gamex-filesystems
done	10	440726421e88caee	Core/GameX.FileSystems/Casc/CdnCacheStats.cs	core/filesystems/src/casc/cdn_cache_stats.rs	gamex-filesystems
todo	159	77da13b5bcfe5752	Core/GameX.FileSystems/Casc/CdnIndexHandler.cs	core/filesystems/src/casc/cdn_index_handler.rs	gamex-filesystems
todo	76	fa150254ee60f967	Core/GameX.FileSystems/Casc/DownloadHandler.cs	core/filesystems/src/casc/download_handler.rs	gamex-filesystems
done	154	924a97a5c5d0d99e	Core/GameX.FileSystems/Casc/EncodingHandler.cs	core/filesystems/src/casc/encoding_handler.rs	gamex-filesystems
todo	262	2cf18394e08faaa0	Core/GameX.FileSystems/Casc/Extensions.cs	core/filesystems/src/casc/extensions.rs	gamex-filesystems
todo	91	f7dd0822c11fe771	Core/GameX.FileSystems/Casc/FileIndexHandler.cs	core/filesystems/src/casc/file_index_handler.rs	gamex-filesystems
done	81	31ae014e248c4090	Core/GameX.FileSystems/Casc/HexConverter.cs	core/filesystems/src/casc/hex_converter.rs	gamex-filesystems
todo	63	659e46c604255bc1	Core/GameX.FileSystems/Casc/IndexHandlerBase.cs	core/filesystems/src/casc/index_handler_base.rs	gamex-filesystems
todo	108	3ce7057b01aca32b	Core/GameX.FileSystems/Casc/InstallHandler.cs	core/filesystems/src/casc/install_handler.rs	gamex-filesystems
done	72	5d7d4ce8ec085d84	Core/GameX.FileSystems/Casc/Jenkins96.cs	core/filesystems/src/casc/jenkins96.rs	gamex-filesystems
todo	218	24dca6c42fcca5f0	Core/GameX.FileSystems/Casc/Jenkins96Old.cs	core/filesystems/src/casc/jenkins96_old.rs	gamex-filesystems
todo	862	f82a6c8650103e04	Core/GameX.FileSystems/Casc/KeyService.cs	core/filesystems/src/casc/key_service.rs	gamex-filesystems
done	86	439d35aa667b8c43	Core/GameX.FileSystems/Casc/LocalIndexHandler.cs	core/filesystems/src/casc/local_index_handler.rs	gamex-filesystems
done	48	2470ebc0f3b8a337	Core/GameX.FileSystems/Casc/Logger.cs	core/filesystems/src/casc/logger.rs	gamex-filesystems
todo	53	89a1979a10153712	Core/GameX.FileSystems/Casc/Md5HashComparer.cs	core/filesystems/src/casc/md5_hash_comparer.rs	gamex-filesystems
done	30	3bc821fd0793c20e	Core/GameX.FileSystems/Casc/MultiDictionary.cs	core/filesystems/src/casc/multi_dictionary.rs	gamex-filesystems
done	172	5fab69a740a6a985	Core/GameX.FileSystems/Casc/NestedStream.cs	core/filesystems/src/casc/nested_stream.rs	gamex-filesystems
done	21	a1e925578336ad2a	Core/GameX.FileSystems/Casc/PerfCounter.cs	core/filesystems/src/casc/perf_counter.rs	gamex-filesystems
todo	59	bd6b50b53b96497f	Core/GameX.FileSystems/Casc/RibbitClient.cs	core/filesystems/src/casc/ribbit_client.rs	gamex-filesystems
done	3817	13d2a96c27cd2848	Core/GameX.FileSystems/Casc/RootHandlers.cs	core/filesystems/src/casc/root_handlers.rs	gamex-filesystems
done	235	e72b9873376631e1	Core/GameX.FileSystems/Casc/Salsa20.cs	core/filesystems/src/casc/salsa20.rs	gamex-filesystems
done	99	18e0989509185468	Core/GameX.FileSystems/Casc/Utils.cs	core/filesystems/src/casc/utils.rs	gamex-filesystems
done	13	929bd4e7907f08a2	Core/GameX.FileSystems/Casc/WildcardRegex.cs	core/filesystems/src/casc/wildcard_regex.rs	gamex-filesystems
todo	151	054f0fc7ae5561b3	Core/GameX.FileSystems/_/Casc/CascLib.cs	core/filesystems/src/m/casc/casc_lib.rs	gamex-filesystems
todo	172	9620647059c76fe0	Core/GameX.FileSystems/_/Casc/CascStructs.cs	core/filesystems/src/m/casc/casc_structs.rs	gamex-filesystems
todo	23	ecd9666c5e60c613	Families/GameX.Firaxis/Firaxis.cs	families/firaxis/src/firaxis.rs	gamex-firaxis
todo	23	df16facbd56baf4a	Families/GameX.Frictional/Frictional.cs	families/frictional/src/frictional.rs	gamex-frictional
todo	23	08ce9f999822d25e	Families/GameX.Frontier/Frontier.cs	families/frontier/src/frontier.rs	gamex-frontier
done	3263	819ee5fa3e230c82	Families/GameX.Gamebryo/Formats/Nif.cs	families/gamebryo/src/formats/nif.rs	gamex-gamebryo
done	3173	b862973ab9639351	Families/GameX.Gamebryo/Formats/Nif.o.cs	families/gamebryo/src/formats/nif_o.rs	gamex-gamebryo
todo	44	e4320935231d4404	Families/GameX.Gamebryo/Gamebryo.cs	families/gamebryo/src/gamebryo.rs	gamex-gamebryo
todo	70	0586c71786bfa4f5	Families/GameX.Gamebryo/Platforms/NifObjectBuilder.cs	families/gamebryo/src/platforms/nif_object_builder.rs	gamex-gamebryo
todo	11	fb73b739d975a070	Families/GameX.ID/Games/Q/Database.cs	families/id/src/games/q/database.rs	gamex-id
todo	46	9e143a7100ea21b5	Families/GameX.ID/ID.cs	families/id/src/id.rs	gamex-id
todo	182	2ca6331db37cfe96	Families/GameX.IW/Formats/FastFile+AssetType.cs	families/iw/src/formats/fast_file_asset_type.rs	gamex-iw
todo	277	f36f11a8651477bb	Families/GameX.IW/Formats/FastFile.cs	families/iw/src/formats/fast_file.rs	gamex-iw
todo	25	757584843dc8ca46	Families/GameX.IW/IW.cs	families/iw/src/iw.rs	gamex-iw
todo	119	3cadc696c1dcd014	Families/GameX.IW/Zone/ASSET_TYPE.cs	families/iw/src/zone/asset_type.rs	gamex-iw
todo	15	e77343086e969fcb	Families/GameX.IW/Zone/Asset.cs	families/iw/src/zone/asset.rs	gamex-iw
todo	46	c474a3d8479b0ec9	Families/GameX.IW/Zone/CsvFile.cs	families/iw/src/zone/csv_file.rs	gamex-iw
todo	11	49d325fb429d819c	Families/GameX.IW/Zone/Func.cs	families/iw/src/zone/func.rs	gamex-iw
todo	47	0d20d8154d51cdc3	Families/GameX.IW/Zone/Structs/AssetStructs+.cs	families/iw/src/zone/structs/asset_structs_plus.rs	gamex-iw
todo	169	2439835a834c5507	Families/GameX.IW/Zone/Structs/AssetStructs.cs	families/iw/src/zone/structs/asset_structs.rs	gamex-iw
todo	208	8a53fcf6ff7d05df	Families/GameX.IW/Zone/Structs/ColMap.cs	families/iw/src/zone/structs/col_map.rs	gamex-iw
todo	263	df9ac7943ac402b9	Families/GameX.IW/Zone/Structs/FX.cs	families/iw/src/zone/structs/fx.rs	gamex-iw
todo	399	25b459c5e5835e06	Families/GameX.IW/Zone/Structs/GfxWorld.cs	families/iw/src/zone/structs/gfx_world.rs	gamex-iw
todo	7	2cedc3783e2fade1	Families/GameX.IW/Zone/Structs/IDirect3D.cs	families/iw/src/zone/structs/i_direct3_d.rs	gamex-iw
todo	77	4254112f81dc6c58	Families/GameX.IW/Zone/Structs/Maps+.cs	families/iw/src/zone/structs/maps_plus.rs	gamex-iw
todo	119	98d11b89260c37e2	Families/GameX.IW/Zone/Structs/Maps.cs	families/iw/src/zone/structs/maps.rs	gamex-iw
todo	60	34a6f1ba6fe9fb05	Families/GameX.IW/Zone/Structs/Material+.cs	families/iw/src/zone/structs/material_plus.rs	gamex-iw
todo	188	d9af29149a420218	Families/GameX.IW/Zone/Structs/Material.cs	families/iw/src/zone/structs/material.rs	gamex-iw
todo	3	00fd0d9e393e654b	Families/GameX.IW/Zone/Structs/Menu.cs	families/iw/src/zone/structs/menu.rs	gamex-iw
todo	95	8a6d650af8037fb4	Families/GameX.IW/Zone/Structs/SoundAlias.cs	families/iw/src/zone/structs/sound_alias.rs	gamex-iw
todo	87	c05bc569a8a01253	Families/GameX.IW/Zone/Structs/StructuredDataDef.cs	families/iw/src/zone/structs/structured_data_def.rs	gamex-iw
todo	121	fad59bc43360e98b	Families/GameX.IW/Zone/Structs/Vehicle+.cs	families/iw/src/zone/structs/vehicle_plus.rs	gamex-iw
todo	183	76fdbefb1956301f	Families/GameX.IW/Zone/Structs/Vehicle.cs	families/iw/src/zone/structs/vehicle.rs	gamex-iw
todo	5	626697aa080d1f70	Families/GameX.IW/Zone/Structs/Weapon+.cs	families/iw/src/zone/structs/weapon_plus.rs	gamex-iw
todo	615	50ede8fa37410e1b	Families/GameX.IW/Zone/Structs/Weapon.cs	families/iw/src/zone/structs/weapon.rs	gamex-iw
todo	142	2840353796b35fff	Families/GameX.IW/Zone/Structs/XAnim+.cs	families/iw/src/zone/structs/x_anim_plus.rs	gamex-iw
todo	176	523567b91c9acec6	Families/GameX.IW/Zone/Structs/XAnim.cs	families/iw/src/zone/structs/x_anim.rs	gamex-iw
todo	142	097d69810d2da597	Families/GameX.IW/Zone/Structs/XModel+.cs	families/iw/src/zone/structs/x_model_plus.rs	gamex-iw
todo	127	26436522da30df94	Families/GameX.IW/Zone/Structs/XModel.cs	families/iw/src/zone/structs/x_model.rs	gamex-iw
todo	132	c47aea1dc53064e5	Families/GameX.IW/Zone/ZStream.cs	families/iw/src/zone/z_stream.rs	gamex-iw
todo	224	f9cc2caac5de82fc	Families/GameX.IW/Zone/ZoneInfo.cs	families/iw/src/zone/zone_info.rs	gamex-iw
todo	72	8d5903e9820f1331	Families/GameX.IW/Zone/ZoneWriter.cs	families/iw/src/zone/zone_writer.rs	gamex-iw
todo	31	cc9c588e57cffe3f	Families/GameX.Lucas/Lucas.cs	families/lucas/src/lucas.rs	gamex-lucas
todo	28	7cea0a7490c7661e	Families/GameX.Monolith/Monolith.cs	families/monolith/src/monolith.rs	gamex-monolith
todo	34	10efb04bc670401d	Families/GameX.Mythic/Mythic.cs	families/mythic/src/mythic.rs	gamex-mythic
todo	32	2f74dad0d07516fd	Families/GameX.Nintendo/Nintendo.cs	families/nintendo/src/nintendo.rs	gamex-nintendo
todo	12	fb84043b090be7f3	Families/GameX.Origin/Clients/U9/Database.cs	families/origin/src/clients/u9/database.rs	gamex-origin
todo	61	790cbc470a048ef2	Families/GameX.Origin/Clients/UO/Client.cs	families/origin/src/clients/uo/client.rs	gamex-origin
todo	16	5d1c2ddf9b778745	Families/GameX.Origin/Clients/UO/Data.cs	families/origin/src/clients/uo/data.rs	gamex-origin
todo	5	fe80acc5a2948d49	Families/GameX.Origin/Clients/UO/Database.cs	families/origin/src/clients/uo/database.rs	gamex-origin
todo	2	c17d7b411f5706fe	Families/GameX.Origin/Clients/UO/Managers.cs	families/origin/src/clients/uo/managers.rs	gamex-origin
todo	27	305f87ccfa2f04a8	Families/GameX.Origin/Formats/U8/Texture.cs	families/origin/src/formats/u8/texture.rs	gamex-origin
todo	1095	0d9e3635d7acecb5	Families/GameX.Origin/Formats/UO/Encryption.cs	families/origin/src/formats/uo/encryption.rs	gamex-origin
todo	6	9674470df1f656d4	Families/GameX.Origin/Formats/UO/Encryption/TwofishBehaviour.cs	families/origin/src/formats/uo/encryption/twofish_behaviour.rs	gamex-origin
todo	358	4b3c1f8ba2ec60ea	Families/GameX.Origin/Formats/UO/Network.cs	families/origin/src/formats/uo/network.rs	gamex-origin
todo	92	3521b6af32347d5a	Families/GameX.Origin/Formats/UO/ServerBinary.cs	families/origin/src/formats/uo/server_binary.rs	gamex-origin
todo	102	24bcb37d4afe1fba	Families/GameX.Origin/Formats/UO/Utility.cs	families/origin/src/formats/uo/utility.rs	gamex-origin
todo	76	f260d926a7c8da93	Families/GameX.Origin/Origin.cs	families/origin/src/origin.rs	gamex-origin
todo	24	1e2d177888c20e32	Families/GameX.Origin/Renderers/UO/Sprites.cs	families/origin/src/renderers/uo/sprites.rs	gamex-origin
todo	827	fdb2a7c10b1412ae	Families/GameX.Origin/Structs/UO.cs	families/origin/src/structs/uo.rs	gamex-origin
todo	15	39c0ba6b081487e1	Platforms/GameX.Platform.EginX/EginX_Render.cs	platforms/platform-eginx/src/egin_x_render.rs	gamex-platform-eginx
todo	52	2172788eaf9073b1	Platforms/GameX.Platform.Godot/Godot_Render.cs	platforms/platform-godot/src/godot_render.rs	gamex-platform-godot
todo	15	5a6c070e0ba6b016	Platforms/GameX.Platform.Mg/Mg_Render.cs	platforms/platform-mg/src/mg_render.rs	gamex-platform-mg
todo	26	20afab1a639413b9	Platforms/GameX.Platform.O3de/O3de_Render.cs	platforms/platform-o3de/src/o3de_render.rs	gamex-platform-o3de
todo	26	660b676a6e23c0a4	Platforms/GameX.Platform.Ogre/Ogre_Render.cs	platforms/platform-ogre/src/ogre_render.rs	gamex-platform-ogre
todo	119	abdf2d2857b7a426	Platforms/GameX.Platform.OpenGL/OpenGLNifObjectBuilder.cs	platforms/platform-opengl/src/open_gl_nif_object_builder.rs	gamex-platform-opengl
todo	22	867fcecfa4a72b49	Platforms/GameX.Platform.OpenGL/OpenGL_Render.cs	platforms/platform-opengl/src/open_gl_render.rs	gamex-platform-opengl
todo	15	12c33c9cebddcfbf	Platforms/GameX.Platform.Sdl/Sdl_Render.cs	platforms/platform-sdl/src/sdl_render.rs	gamex-platform-sdl
todo	15	34ee8ea0bea9b89a	Platforms/GameX.Platform.Stride/Stride_Render.cs	platforms/platform-stride/src/stride_render.rs	gamex-platform-stride
todo	0	9e9893d4c08a7c7f	Platforms/GameX.Platform.Unity/Scripts/Engine/InputManager.cs	platforms/platform-unity/src/scripts/engine/input_manager.rs	gamex-platform-unity
todo	14	80d5e2171acc7a1b	Platforms/GameX.Platform.Unity/Scripts/Engine/UI/UICrosshair.cs	platforms/platform-unity/src/scripts/engine/ui/ui_crosshair.rs	gamex-platform-unity
todo	0	d461f9667bea6727	Platforms/GameX.Platform.Unity/Scripts/Engine/UI/UIInteractiveText.cs	platforms/platform-unity/src/scripts/engine/ui/ui_interactive_text.rs	gamex-platform-unity
todo	0	899ea54bfbc5c5a4	Platforms/GameX.Platform.Unity/Scripts/Engine/UI/UIManager.cs	platforms/platform-unity/src/scripts/engine/ui/ui_manager.rs	gamex-platform-unity
todo	0	5688d2f7debf2b70	Platforms/GameX.Platform.Unity/Scripts/Engine/UI/UIUtils.cs	platforms/platform-unity/src/scripts/engine/ui/ui_utils.rs	gamex-platform-unity
todo	0	8005884084e00341	Platforms/GameX.Platform.Unity/Scripts/Engine/XR/XRInput.cs	platforms/platform-unity/src/scripts/engine/xr/xr_input.rs	gamex-platform-unity
todo	0	0719675d73515431	Platforms/GameX.Platform.Unity/Scripts/TestAsset.cs	platforms/platform-unity/src/scripts/test_asset.rs	gamex-platform-unity
todo	144	1d81ca7efda8f486	Platforms/GameX.Platform.Unity/UnityNifObjectBuilder.cs	platforms/platform-unity/src/unity_nif_object_builder.rs	gamex-platform-unity
todo	50	11b1a2e1f72e1bc5	Platforms/GameX.Platform.Unity/Unity_Render.cs	platforms/platform-unity/src/unity_render.rs	gamex-platform-unity
todo	28	891999e8434805e4	Platforms/GameX.Platform.Unreal/Unreal_Render.cs	platforms/platform-unreal/src/unreal_render.rs	gamex-platform-unreal
todo	25	7c93fb5fce0df415	Families/GameX.Red/Red.cs	families/red/src/red.rs	gamex-red
todo	38	700b3547e48a7b5b	Core/GameX.Resource/Algorithms/MurmurHash3.cs	core/resource/src/algorithms/murmur_hash3.rs	gamex-resource
todo	31	f0c08cb2f2c8ea43	Core/GameX.Resource/Bioware/TOR.cs	core/resource/src/bioware/tor.rs	gamex-resource
todo	31	c92c34b0e218ae94	Core/GameX.Resource/Bioware/WAR.cs	core/resource/src/bioware/war.rs	gamex-resource
todo	42	869d3230e9b65174	Core/GameX.Resource/Bullfrog/S.cs	core/resource/src/bullfrog/s.rs	gamex-resource
todo	32	b969c37e093444f7	Core/GameX.Resource/Capcom/RE.cs	core/resource/src/capcom/re.rs	gamex-resource
todo	2	f8e5181cbc884922	Core/GameX.Resource/Core/Icons.cs	core/resource/src/core/icons.rs	gamex-resource
todo	18	839fd3dcdc2730f9	Core/GameX.Resource/Crytek/FarCry2.cs	core/resource/src/crytek/far_cry2.rs	gamex-resource
todo	16	860c0a62395027ce	Core/GameX.Resource/Crytek/FarCry3.cs	core/resource/src/crytek/far_cry3.rs	gamex-resource
todo	16	cf5cb444c8601083	Core/GameX.Resource/Crytek/FarCry5.cs	core/resource/src/crytek/far_cry5.rs	gamex-resource
todo	16	d03bf2e547e7ad36	Core/GameX.Resource/Crytek/FarCry6.cs	core/resource/src/crytek/far_cry6.rs	gamex-resource
todo	16	72d968988ffb8989	Core/GameX.Resource/Crytek/FarCryNewDawn.cs	core/resource/src/crytek/far_cry_new_dawn.rs	gamex-resource
todo	16	599e5fe17437258e	Core/GameX.Resource/Crytek/FarCryPrimal.cs	core/resource/src/crytek/far_cry_primal.rs	gamex-resource
todo	333	326c28a6841466e1	Core/GameX.Resource/Crytek/FarCryX.cs	core/resource/src/crytek/far_cry_x.rs	gamex-resource
todo	22	d3a447f328f10e1e	Core/GameX.Resource/Red/CP77.cs	core/resource/src/red/cp77.rs	gamex-resource
todo	29	cc79e0fa608e3516	Families/GameX.Rockstar/Rockstar.cs	families/rockstar/src/rockstar.rs	gamex-rockstar
todo	1	b3c4f035666d2f36	Core/GameXTests/Assembly.cs	core/gamex-tests/src/assembly.rs	gamex-tests
todo	8	b0b804623abcda54	Core/GameXTests/Base/FamilyAppTest.cs	core/gamex-tests/src/base/family_app_test.rs	gamex-tests
todo	5	a273c914462763d9	Core/GameXTests/Base/FamilyGameTest.cs	core/gamex-tests/src/base/family_game_test.rs	gamex-tests
todo	18	39e4a80fc6001708	Core/GameXTests/Base/FamilyManagerTest.cs	core/gamex-tests/src/base/family_manager_test.rs	gamex-tests
todo	28	a640ec24d6aa78c8	Core/GameXTests/Base/FamilyTest.cs	core/gamex-tests/src/base/family_test.rs	gamex-tests
todo	15	3b32b2b73a9a94d3	Core/GameXTests/Base/FileManagerTest.cs	core/gamex-tests/src/base/file_manager_test.rs	gamex-tests
todo	5	b9384bd47f8fb229	Core/GameXTests/Base/PlatformTest.cs	core/gamex-tests/src/base/platform_test.rs	gamex-tests
todo	40	4519d7f52a1bb9ad	Core/GameXTests/Base/SomeFamily.cs	core/gamex-tests/src/base/some_family.rs	gamex-tests
todo	14	d66930d21d56f42a	Core/GameXTests/Bethesada/BuilderTest.cs	core/gamex-tests/src/bethesada/builder_test.rs	gamex-tests
todo	0	4e15d402687ca4a2	Core/GameXTests/Bethesada/FormatTest.cs	core/gamex-tests/src/bethesada/format_test.rs	gamex-tests
todo	44	8d48b426c81d2b15	Core/GameXTests/Blizzard/FormatTest.cs	core/gamex-tests/src/blizzard/format_test.rs	gamex-tests
todo	14	7ec8e9033ef24d42	Core/GameXTests/Cig/Formats/CryFileTest.cs	core/gamex-tests/src/cig/formats/cry_file_test.rs	gamex-tests
todo	14	f4c20362f43cf0fb	Core/GameXTests/Cig/Formats/CryXmlFileTest.cs	core/gamex-tests/src/cig/formats/cry_xml_file_test.rs	gamex-tests
todo	13	b4904d388109b661	Core/GameXTests/Cig/Formats/ForgeFileTest.cs	core/gamex-tests/src/cig/formats/forge_file_test.rs	gamex-tests
todo	10	3276d2ee91469517	Core/GameXTests/Cig/Helper.cs	core/gamex-tests/src/cig/helper.rs	gamex-tests
todo	0	189af288e2130a29	Core/GameXTests/Crytek/CryEngineTest.cs	core/gamex-tests/src/crytek/cry_engine_test.rs	gamex-tests
todo	0	845efacefb6e3ad9	Core/GameXTests/Crytek/CryXmlSerializerTest.cs	core/gamex-tests/src/crytek/cry_xml_serializer_test.rs	gamex-tests
todo	17	8a073b8bd3643738	Core/GameXTests/Exports/ColladaExportTest.cs	core/gamex-tests/src/exports/collada_export_test.rs	gamex-tests
todo	17	06037c08e9c4094f	Core/GameXTests/Exports/WavefrontExportTest.cs	core/gamex-tests/src/exports/wavefront_export_test.rs	gamex-tests
todo	18	619cd3ea917aac67	Core/GameXTests/FileDataTests.cs	core/gamex-tests/src/file_data_tests.rs	gamex-tests
todo	71	fb6b147b9d152f6b	Core/GameXTests/FileManagerTests.cs	core/gamex-tests/src/file_manager_tests.rs	gamex-tests
todo	45	f91ade63096f515a	Core/GameXTests/Formats/CompressTest.cs	core/gamex-tests/src/formats/compress_test.rs	gamex-tests
todo	31	2545090ae2d84acf	Core/GameXTests/Formats/GfxObjectTest.cs	core/gamex-tests/src/formats/gfx_object_test.rs	gamex-tests
todo	32	fc249bfb00658807	Core/GameXTests/Formats/GfxTextureTest.cs	core/gamex-tests/src/formats/gfx_texture_test.rs	gamex-tests
todo	51	2dfef16eae2af271	Core/GameXTests/Formats/LoadFileDataTest.cs	core/gamex-tests/src/formats/load_file_data_test.rs	gamex-tests
todo	53	70d1f2a13cc5f562	Core/GameXTests/Formats/LoadFileObjectsTest.cs	core/gamex-tests/src/formats/load_file_objects_test.rs	gamex-tests
todo	22	63ff4726be7dacc2	Core/GameXTests/Formats/LoadSingleFileDataTest.cs	core/gamex-tests/src/formats/load_single_file_data_test.rs	gamex-tests
todo	44	4023370e0199b4ae	Core/GameXTests/IW/FormatTest.cs	core/gamex-tests/src/iw/format_test.rs	gamex-tests
todo	12	d87d39c6a6ee23fd	Core/GameXTests/IW/FormatTest2.cs	core/gamex-tests/src/iw/format_test2.rs	gamex-tests
todo	22	69d7a076da313e33	Core/GameXTests/Red/FormatTests2.cs	core/gamex-tests/src/red/format_tests2.rs	gamex-tests
todo	42	e1d4170f6fb4c9f0	Core/GameXTests/ResourceTests.cs	core/gamex-tests/src/resource_tests.rs	gamex-tests
todo	59	94b695ddb3e90765	Core/GameXTests/TestHelper.cs	core/gamex-tests/src/test_helper.rs	gamex-tests
todo	47	e64613073a7e91c1	Core/GameXTests/Uncore/ZipArchiveXTest.cs	core/gamex-tests/src/uncore/zip_archive_x_test.rs	gamex-tests
todo	13	6acf6911f9e58189	Core/GameXTests/Unity/Formats/UnityFileTests.cs	core/gamex-tests/src/unity/formats/unity_file_tests.rs	gamex-tests
todo	10	f451db1ad0a67376	Core/GameXTests/Unity/Helper.cs	core/gamex-tests/src/unity/helper.rs	gamex-tests
todo	27	0aafa0ab9b85b8ab	Core/GameXTests/Valve/FormatTest.cs	core/gamex-tests/src/valve/format_test.rs	gamex-tests
todo	8	e9fb6efc209facaa	Core/GameXTests/Valve/PakBinaryTest.cs	core/gamex-tests/src/valve/pak_binary_test.rs	gamex-tests
todo	14	badf77c46e1bba9e	Core/GameXTests/WB/BuilderTest.cs	core/gamex-tests/src/wb/builder_test.rs	gamex-tests
todo	94	15063f19c21c8973	Core/GameXTests/WB/FormatTests.cs	core/gamex-tests/src/wb/format_tests.rs	gamex-tests
todo	195	7d37b02b5c39a7af	Core/GameXTests/WB/FormatTests2.cs	core/gamex-tests/src/wb/format_tests2.rs	gamex-tests
todo	28	7d65a9529c828775	Families/GameX.Ubisoft/Ubisoft.cs	families/ubisoft/src/ubisoft.rs	gamex-ubisoft
todo	333	88b27724927ec82e	Families/GameX.Uncore/Formats/Apple/PlistReader.cs	families/uncore/src/formats/apple/plist_reader.rs	gamex-uncore
todo	140	fad0e282e0bbae19	Families/GameX.Uncore/Formats/Collada/ColladaFileWriter+CreateNode.cs	families/uncore/src/formats/collada/collada_file_writer_create_node.rs	gamex-uncore
todo	5	9c501afca6f015c6	Families/GameX.Uncore/Formats/Collada/ColladaFileWriter+OutputTest.cs	families/uncore/src/formats/collada/collada_file_writer_output_test.rs	gamex-uncore
todo	28	526620f78e92cd90	Families/GameX.Uncore/Formats/Collada/ColladaFileWriter+SetAsset.cs	families/uncore/src/formats/collada/collada_file_writer_set_asset.rs	gamex-uncore
todo	96	7707984bf6dd79fd	Families/GameX.Uncore/Formats/Collada/ColladaFileWriter+SetLibraryControllers.cs	families/uncore/src/formats/collada/collada_file_writer_set_library_controllers.rs	gamex-uncore
todo	81	4ca9de2d8fab3add	Families/GameX.Uncore/Formats/Collada/ColladaFileWriter+SetLibraryEffects.cs	families/uncore/src/formats/collada/collada_file_writer_set_library_effects.rs	gamex-uncore
todo	0	0c23bcbeef5e56e7	Families/GameX.Uncore/Formats/Collada/ColladaFileWriter+SetLibraryGeometries.cs	families/uncore/src/formats/collada/collada_file_writer_set_library_geometries.rs	gamex-uncore
todo	26	6a88d6237778f6ae	Families/GameX.Uncore/Formats/Collada/ColladaFileWriter+SetLibraryImages.cs	families/uncore/src/formats/collada/collada_file_writer_set_library_images.rs	gamex-uncore
todo	19	9f89b5ac978925c1	Families/GameX.Uncore/Formats/Collada/ColladaFileWriter+SetLibraryMaterials.cs	families/uncore/src/formats/collada/collada_file_writer_set_library_materials.rs	gamex-uncore
todo	12	bc310dc2b3214386	Families/GameX.Uncore/Formats/Collada/ColladaFileWriter+SetLibraryVisualScenes.cs	families/uncore/src/formats/collada/collada_file_writer_set_library_visual_scenes.rs	gamex-uncore
todo	33	b304e31cf5cde584	Families/GameX.Uncore/Formats/Collada/ColladaFileWriter+SetLibraryVisualScenesWithSkeleton.cs	families/uncore/src/formats/collada/collada_file_writer_set_library_visual_scenes_with_skeleton.rs	gamex-uncore
todo	8	673cbc97658e3a57	Families/GameX.Uncore/Formats/Collada/ColladaFileWriter+SetScene.cs	families/uncore/src/formats/collada/collada_file_writer_set_scene.rs	gamex-uncore
todo	34	d942457b44a7e620	Families/GameX.Uncore/Formats/Collada/ColladaFileWriter+ValidateXml.cs	families/uncore/src/formats/collada/collada_file_writer_validate_xml.rs	gamex-uncore
todo	67	62b6fb7315f10bce	Families/GameX.Uncore/Formats/Collada/ColladaFileWriter.cs	families/uncore/src/formats/collada/collada_file_writer.rs	gamex-uncore
todo	170	7a4f65ff5733ab7c	Families/GameX.Uncore/Formats/Compression.cs	families/uncore/src/formats/compression.rs	gamex-uncore
done	54	2e76745f8348ea6b	Families/GameX.Uncore/Formats/Network.cs	families/uncore/src/formats/network.rs	gamex-uncore
todo	28	8b1f3f617d55501e	Families/GameX.Uncore/Formats/Wavefront/WavefrontFileWriter+Hitbox.cs	families/uncore/src/formats/wavefront/wavefront_file_writer_hitbox.rs	gamex-uncore
todo	47	2254505d0c694293	Families/GameX.Uncore/Formats/Wavefront/WavefrontFileWriter+MaterialFile.cs	families/uncore/src/formats/wavefront/wavefront_file_writer_material_file.rs	gamex-uncore
todo	51	1bc0a9c5298c5f2b	Families/GameX.Uncore/Formats/Wavefront/WavefrontFileWriter+Mesh.cs	families/uncore/src/formats/wavefront/wavefront_file_writer_mesh.rs	gamex-uncore
todo	0	0c8cb90f4501b00b	Families/GameX.Uncore/Formats/Wavefront/WavefrontFileWriter+Node.cs	families/uncore/src/formats/wavefront/wavefront_file_writer_node.rs	gamex-uncore
todo	38	3763d677def04990	Families/GameX.Uncore/Formats/Wavefront/WavefrontFileWriter.cs	families/uncore/src/formats/wavefront/wavefront_file_writer.rs	gamex-uncore
todo	37	a88aeaa6fda9d01d	Families/GameX.Uncore/Uncore.cs	families/uncore/src/uncore.rs	gamex-uncore
todo	0	fac9c92a6e7d0d3a	Families/GameX.Uncore/_/BZip2InputStream.cs	families/uncore/src/m/b_zip2_input_stream.rs	gamex-uncore
todo	0	2e975946d76143b1	Families/GameX.Uncore/_/Extra.cs	families/uncore/src/m/extra.rs	gamex-uncore
done	772	076ad7e94d38e013	Families/GameX.Uncore/_LIB/System.IO.Compression.cs	families/uncore/src/vendor/system_io_compression.rs	gamex-uncore
done	24	f1fcd7910af79892	Families/GameX.Uncore/_LIB/System.Security.Cryptography.cs	families/uncore/src/vendor/system_security_cryptography.rs	gamex-uncore
todo	42	d43ab6d27f0390c3	Families/GameX.Uncore.Program/Program.cs	families/uncore-program/src/program.rs	gamex-uncore-program
todo	23	2bf84501d082f766	Families/GameX.Unity/Unity.cs	families/unity/src/unity.rs	gamex-unity
todo	132	f451a43173b216a2	Families/GameX.Valve/Algorithms/MeshOptimizerIndexDecoder.cs	families/valve/src/algorithms/mesh_optimizer_index_decoder.rs	gamex-valve
todo	141	074be0d5e8d92102	Families/GameX.Valve/Algorithms/MeshOptimizerVertexDecoder.cs	families/valve/src/algorithms/mesh_optimizer_vertex_decoder.rs	gamex-valve
todo	467	922f0a96ff7d96a0	Families/GameX.Valve/Formats/Vpk/Animations.cs	families/valve/src/formats/vpk/animations.rs	gamex-valve
todo	9187	551054370affe67b	Families/GameX.Valve/Formats/Vpk/Blocks.cs	families/valve/src/formats/vpk/blocks.rs	gamex-valve
todo	779	0152ba49a45e7b71	Families/GameX.Valve/Formats/Vpk/Extras.cs	families/valve/src/formats/vpk/extras.rs	gamex-valve
todo	17	616197dc15c11d30	Families/GameX.Valve/Formats/Vpk/IValveModel.cs	families/valve/src/formats/vpk/i_valve_model.rs	gamex-valve
todo	57	5804a536771f7fa0	Families/GameX.Valve/Valve.cs	families/valve/src/valve.rs	gamex-valve
todo	205	4fd92bdcf938b985	Families/GameX.Valve.Platform/OpenGL/Formats/WorldLoader.cs	families/valve-platform/src/open_gl/formats/world_loader.rs	gamex-valve-platform
todo	65	aacc9ba2f7a63348	Families/GameX.Valve.Platform/OpenGL/Formats/WorldNodeLoader.cs	families/valve-platform/src/open_gl/formats/world_node_loader.rs	gamex-valve-platform
todo	134	24f6a7b911ec7a2f	Families/GameX.Valve.Platform/OpenGL/Scenes/ModelSceneNode.cs	families/valve-platform/src/open_gl/scenes/model_scene_node.rs	gamex-valve-platform
todo	30	90d73cffe729f411	Families/GameX.Valve.Platform/OpenGL/Scenes/ParticleSceneNode.cs	families/valve-platform/src/open_gl/scenes/particle_scene_node.rs	gamex-valve-platform
todo	206	62d81d7b1afbc8cd	Families/GameX.Valve.Platform/OpenGL/Scenes/PhysSceneNode.cs	families/valve-platform/src/open_gl/scenes/phys_scene_node.rs	gamex-valve-platform
todo	84	a3d8fa73b1eaa7a0	Families/GameX.Valve.Platform/OpenGL/Scenes/SpriteSceneNode.cs	families/valve-platform/src/open_gl/scenes/sprite_scene_node.rs	gamex-valve-platform
todo	11	a9fceb1a8b99a265	Families/GameX.Volition/Games/D/Database.cs	families/volition/src/games/d/database.rs	gamex-volition
todo	11	4772cc22132aafb7	Families/GameX.Volition/Games/D2/Database.cs	families/volition/src/games/d2/database.rs	gamex-volition
todo	49	401bd9c61db69764	Families/GameX.Volition/Volition.cs	families/volition/src/volition.rs	gamex-volition
todo	113	65f69ef2900310b0	Families/GameX.WB/Builders/MapImageBuilder.cs	families/wb/src/builders/map_image_builder.rs	gamex-wb
todo	31	96cf09db7ef5ce86	Families/GameX.WB/Data/DIDTable.cs	families/wb/src/data/did_table.rs	gamex-wb
todo	39	02fe67090b4bbed6	Families/GameX.WB/Data/LocationTable.cs	families/wb/src/data/location_table.rs	gamex-wb
todo	481	5fccc98988cca738	Families/GameX.WB/Formats/AC/AnimationHooks.cs	families/wb/src/formats/ac/animation_hooks.rs	gamex-wb
todo	1200	c4afb279ac0d30bc	Families/GameX.WB/Formats/AC/Entity+.cs	families/wb/src/formats/ac/entity_plus.rs	gamex-wb
todo	2001	e6ea39a4dcd0d97a	Families/GameX.WB/Formats/AC/Entity.cs	families/wb/src/formats/ac/entity.rs	gamex-wb
todo	0	8ccb8e17e1c23c2b	Families/GameX.WB/Formats/AC/FileTypes+.cs	families/wb/src/formats/ac/file_types_plus.rs	gamex-wb
todo	1805	6637fad662f22dc2	Families/GameX.WB/Formats/AC/FileTypes.cs	families/wb/src/formats/ac/file_types.rs	gamex-wb
todo	1303	26feef60c212b2ef	Families/GameX.WB/Formats/AC/Models.cs	families/wb/src/formats/ac/models.rs	gamex-wb
done	31722	5ab51c1d1efa0191	Families/GameX.WB/Formats/AC/Props/Enums+Weenie.cs	families/wb/src/formats/ac/props/enums_weenie.rs	gamex-wb
done	12796	93ab3ac7404fc3f9	Families/GameX.WB/Formats/AC/Props/Enums.cs	families/wb/src/formats/ac/props/enums.rs	gamex-wb
todo	1190	cbd3c66552610127	Families/GameX.WB/Formats/AC/Props/Properties.cs	families/wb/src/formats/ac/props/properties.rs	gamex-wb
todo	98	4601fb7b26c4b532	Families/GameX.WB/Formats/PakFileType.cs	families/wb/src/formats/pak_file_type.rs	gamex-wb
todo	21	1f97ad9dca059703	Families/GameX.WB/Games/AC/Database.cs	families/wb/src/games/ac/database.rs	gamex-wb
todo	4	3c3926b522398e11	Families/GameX.WB/Games/AC/DatabaseCell.cs	families/wb/src/games/ac/database_cell.rs	gamex-wb
todo	7	6335c9abe343cb08	Families/GameX.WB/Games/AC/DatabaseLanguage.cs	families/wb/src/games/ac/database_language.rs	gamex-wb
todo	56	dae8df2974578a4e	Families/GameX.WB/Games/AC/DatabaseManager.cs	families/wb/src/games/ac/database_manager.rs	gamex-wb
todo	32	cfa575a130295457	Families/GameX.WB/Games/AC/DatabasePortal.cs	families/wb/src/games/ac/database_portal.rs	gamex-wb
todo	188	d14f5af27f6f2329	Families/GameX.WB/WB.cs	families/wb/src/wb.rs	gamex-wb
todo	28	11dd2a37d34f54db	Families/GameX.X2K/X2K.cs	families/x2k/src/x2_k.rs	gamex-x2k
todo	98	d4e3da041ef13fe2	Families/GameX.Xbox/Formats/AxiomVerge2/OuterBeyond.cs	families/xbox/src/formats/axiom_verge2/outer_beyond.rs	gamex-xbox
todo	4	54073e75d6862b83	Families/GameX.Xbox/Formats/StardewValley/BmFont.cs	families/xbox/src/formats/stardew_valley/bm_font.rs	gamex-xbox
done	2071	ffbb7e4129ef367f	Families/GameX.Xbox/Formats/StardewValley/GameData.cs	families/xbox/src/formats/stardew_valley/game_data.rs	gamex-xbox
todo	804	74aaebe5d20918af	Families/GameX.Xbox/Formats/Xna.cs	families/xbox/src/formats/xna.rs	gamex-xbox
todo	13	72104b3a4eb6fb0f	Families/GameX.Xbox/Formats/xTile.cs	families/xbox/src/formats/x_tile.rs	gamex-xbox
todo	1	72ba5dea447f7412	Families/GameX.Xbox/Renderers/Sprite.cs	families/xbox/src/renderers/sprite.rs	gamex-xbox
todo	33	a9070bc73fadde81	Families/GameX.Xbox/Xbox.cs	families/xbox/src/xbox.rs	gamex-xbox
